<?xml version="1.0" encoding="utf-8"?>
<BetterChasesPlus xmlns:xsd="http://www.w3.org/2001/XMLSchema" xmlns:xsi="http://www.w3.org/2001/XMLSchema-instance">
  <BetterChases>
    <ChaseEscalates>
      <PhaseOne>
        <Enabled>true</Enabled>
        <Length>30</Length>
        <WantedLevel>0</WantedLevel>
        <PITAuthorized>false</PITAuthorized>
        <LethalForceAuthorized>false</LethalForceAuthorized>
        <RequestBackup>true</RequestBackup>
      </PhaseOne>
      <PhaseTwo>
        <Enabled>true</Enabled>
        <Length>30</Length>
        <WantedLevel>0</WantedLevel>
        <PITAuthorized>false</PITAuthorized>
        <LethalForceAuthorized>false</LethalForceAuthorized>
        <RequestBackup>true</RequestBackup>
      </PhaseTwo>
      <PhaseThree>
        <Enabled>true</Enabled>
        <Length>30</Length>
        <WantedLevel>0</WantedLevel>
        <PITAuthorized>false</PITAuthorized>
        <LethalForceAuthorized>false</LethalForceAuthorized>
        <RequestBackup>true</RequestBackup>
      </PhaseThree>
      <PhaseFour>
        <Enabled>true</Enabled>
        <Length>30</Length>
        <WantedLevel>3</WantedLevel>
        <PITAuthorized>true</PITAuthorized>
        <LethalForceAuthorized>false</LethalForceAuthorized>
        <RequestBackup>false</RequestBackup>
      </PhaseFour>
      <Enabled>true</Enabled>
    </ChaseEscalates>
    <CopDispatch>
      <OneStar>
        <GroundMin>1</GroundMin>
        <AirMin>0</AirMin>
        <GroundMax>2</GroundMax>
        <PITAuthorized>false</PITAuthorized>
        <LethalForceAuthorized>false</LethalForceAuthorized>
      </OneStar>
      <TwoStar>
        <GroundMin>2</GroundMin>
        <AirMin>0</AirMin>
        <GroundMax>3</GroundMax>
        <PITAuthorized>false</PITAuthorized>
        <LethalForceAuthorized>false</LethalForceAuthorized>
      </TwoStar>
      <ThreeStar>
        <GroundMin>3</GroundMin>
        <AirMin>0</AirMin>
        <GroundMax>4</GroundMax>
        <PITAuthorized>false</PITAuthorized>
        <LethalForceAuthorized>false</LethalForceAuthorized>
      </ThreeStar>
      <FourStar>
        <GroundMin>4</GroundMin>
        <AirMin>1</AirMin>
        <GroundMax>6</GroundMax>
        <PITAuthorized>true</PITAuthorized>
        <LethalForceAuthorized>false</LethalForceAuthorized>
      </FourStar>
      <FiveStar>
        <GroundMin>-1</GroundMin>
        <AirMin>-1</AirMin>
        <GroundMax>0</GroundMax>
        <PITAuthorized>true</PITAuthorized>
        <LethalForceAuthorized>true</LethalForceAuthorized>
      </FiveStar>
      <Enabled>true</Enabled>
    </CopDispatch>
    <Crimes>
      <GTA>
        <Enabled>true</Enabled>
        <MaxWantedLevel>2</MaxWantedLevel>
        <PITAuthorized>false</PITAuthorized>
        <LethalForceAuthorized>false</LethalForceAuthorized>
        <PoliceWitnessThreshold>20</PoliceWitnessThreshold>
        <WantedLevel>0</WantedLevel>
        <RequestBackup>true</RequestBackup>
        <Speed>0</Speed>
      </GTA>
      <Stolen>
        <Enabled>true</Enabled>
        <MaxWantedLevel>2</MaxWantedLevel>
        <PITAuthorized>false</PITAuthorized>
        <LethalForceAuthorized>false</LethalForceAuthorized>
        <PoliceWitnessThreshold>40</PoliceWitnessThreshold>
        <WantedLevel>0</WantedLevel>
        <RequestBackup>true</RequestBackup>
        <Speed>0</Speed>
      </Stolen>
      <Speeding>
        <Enabled>true</Enabled>
        <MaxWantedLevel>2</MaxWantedLevel>
        <PITAuthorized>false</PITAuthorized>
        <LethalForceAuthorized>false</LethalForceAuthorized>
        <PoliceWitnessThreshold>40</PoliceWitnessThreshold>
        <WantedLevel>0</WantedLevel>
        <RequestBackup>true</RequestBackup>
        <Speed>35</Speed>
      </Speeding>
      <Reckless>
        <Enabled>true</Enabled>
        <MaxWantedLevel>3</MaxWantedLevel>
        <PITAuthorized>false</PITAuthorized>
        <LethalForceAuthorized>false</LethalForceAuthorized>
        <PoliceWitnessThreshold>20</PoliceWitnessThreshold>
        <WantedLevel>0</WantedLevel>
        <RequestBackup>true</RequestBackup>
        <Speed>15</Speed>
      </Reckless>
      <Armed>
        <Enabled>true</Enabled>
        <MaxWantedLevel>4</MaxWantedLevel>
        <PITAuthorized>false</PITAuthorized>
        <LethalForceAuthorized>false</LethalForceAuthorized>
        <PoliceWitnessThreshold>40</PoliceWitnessThreshold>
        <WantedLevel>2</WantedLevel>
        <RequestBackup>true</RequestBackup>
        <Speed>0</Speed>
      </Armed>
      <Aiming>
        <Enabled>true</Enabled>
        <MaxWantedLevel>4</MaxWantedLevel>
        <PITAuthorized>true</PITAuthorized>
        <LethalForceAuthorized>false</LethalForceAuthorized>
        <PoliceWitnessThreshold>40</PoliceWitnessThreshold>
        <WantedLevel>3</WantedLevel>
        <RequestBackup>true</RequestBackup>
        <Speed>0</Speed>
      </Aiming>
      <Assault>
        <Enabled>true</Enabled>
        <MaxWantedLevel>4</MaxWantedLevel>
        <PITAuthorized>true</PITAuthorized>
        <LethalForceAuthorized>false</LethalForceAuthorized>
        <PoliceWitnessThreshold>30</PoliceWitnessThreshold>
        <WantedLevel>3</WantedLevel>
        <RequestBackup>true</RequestBackup>
        <Speed>0</Speed>
      </Assault>
      <PoliceAssault>
        <Enabled>true</Enabled>
        <MaxWantedLevel>0</MaxWantedLevel>
        <PITAuthorized>true</PITAuthorized>
        <LethalForceAuthorized>false</LethalForceAuthorized>
        <PoliceWitnessThreshold>10</PoliceWitnessThreshold>
        <WantedLevel>3</WantedLevel>
        <RequestBackup>true</RequestBackup>
        <Speed>0</Speed>
      </PoliceAssault>
      <Shooting>
        <Enabled>true</Enabled>
        <MaxWantedLevel>4</MaxWantedLevel>
        <PITAuthorized>true</PITAuthorized>
        <LethalForceAuthorized>true</LethalForceAuthorized>
        <PoliceWitnessThreshold>10</PoliceWitnessThreshold>
        <WantedLevel>4</WantedLevel>
        <RequestBackup>false</RequestBackup>
        <Speed>0</Speed>
      </Shooting>
      <Murder>
        <Enabled>true</Enabled>
        <MaxWantedLevel>0</MaxWantedLevel>
        <PITAuthorized>true</PITAuthorized>
        <LethalForceAuthorized>true</LethalForceAuthorized>
        <PoliceWitnessThreshold>40</PoliceWitnessThreshold>
        <WantedLevel>4</WantedLevel>
        <RequestBackup>true</RequestBackup>
        <Speed>0</Speed>
      </Murder>
      <PoliceMurder>
        <Enabled>true</Enabled>
        <MaxWantedLevel>0</MaxWantedLevel>
        <PITAuthorized>true</PITAuthorized>
        <LethalForceAuthorized>true</LethalForceAuthorized>
        <PoliceWitnessThreshold>10</PoliceWitnessThreshold>
        <WantedLevel>5</WantedLevel>
        <RequestBackup>false</RequestBackup>
        <Speed>0</Speed>
      </PoliceMurder>
    </Crimes>
    <Enabled>true</Enabled>
    <WantedLevelControl>Full</WantedLevelControl>
    <CopsManageTraffic>true</CopsManageTraffic>
    <WreckedCopsStopChasing>true</WreckedCopsStopChasing>
    <DisallowCopCommandeering>true</DisallowCopCommandeering>
    <RequirePITAuthorization>true</RequirePITAuthorization>
    <RequireLethalForceAuthorization>true</RequireLethalForceAuthorization>
    <AllowBustOpportunity>true</AllowBustOpportunity>
    <ShowHUD>true</ShowHUD>
    <ShowNotifications>true</ShowNotifications>
    <ShowBigMessages>true</ShowBigMessages>
    <IconOffsetX>0</IconOffsetX>
    <IconOffsetY>0</IconOffsetY>
  </BetterChases>
  <ArrestWarrants>
    <WarrantLenghts>
      <OneStar>6</OneStar>
      <TwoStar>18</TwoStar>
      <ThreeStar>24</ThreeStar>
      <FourStar>48</FourStar>
      <FiveStar>72</FiveStar>
    </WarrantLenghts>
    <Enabled>true</Enabled>
    <SpotSpeed>100</SpotSpeed>
    <RememberChase>true</RememberChase>
    <ShowSpottedMeter>true</ShowSpottedMeter>
    <ShowSpottedIndicators>true</ShowSpottedIndicators>
    <ShowHUD>true</ShowHUD>
    <ShowNotifications>true</ShowNotifications>
    <ShowBigMessages>true</ShowBigMessages>
    <IconOffsetX>0</IconOffsetX>
    <IconOffsetY>0</IconOffsetY>
    <TextOffsetX>0</TextOffsetX>
    <TextOffsetY>0</TextOffsetY>
    <GradientOffsetX>0</GradientOffsetX>
    <GradientOffsetY>0</GradientOffsetY>
  </ArrestWarrants>
  <MenuKey>F7</MenuKey>
  <DisplayHints>true</DisplayHints>
</BetterChasesPlus>