﻿<?xml version="1.0" encoding="utf-8" standalone="yes"?>
<Saves>
  <Vehicle1>
    <Model>None</Model>
    <Plate>000</Plate>
    <EnergyLevel1>100</EnergyLevel1>
    <EnergyLevel2>100</EnergyLevel2>
  </Vehicle1>
  <Vehicle2>
    <Model>None</Model>
    <Plate>000</Plate>
    <EnergyLevel1>100</EnergyLevel1>
    <EnergyLevel2>100</EnergyLevel2>
  </Vehicle2>
  <Vehicle3>
    <Model>None</Model>
    <Plate>000</Plate>
    <EnergyLevel1>100</EnergyLevel1>
    <EnergyLevel2>100</EnergyLevel2>
  </Vehicle3>
  <Vehicle4>
    <Model>None</Model>
    <Plate>000</Plate>
    <EnergyLevel1>100</EnergyLevel1>
    <EnergyLevel2>100</EnergyLevel2>
  </Vehicle4>
  <Vehicle5>
    <Model>None</Model>
    <Plate>000</Plate>
    <EnergyLevel1>100</EnergyLevel1>
    <EnergyLevel2>100</EnergyLevel2>
  </Vehicle5>
</Saves>