<?xml version="1.0" encoding="utf-8"?>
<Items xmlns:xsd="http://www.w3.org/2001/XMLSchema" xmlns:xsi="http://www.w3.org/2001/XMLSchema-instance">
  <ItemList>
    <Item DisplayName="a phone" Value="340" />
    <Item DisplayName="a wallet" Value="120" />
    <Item DisplayName="a wristwatch" Value="450" />
    <Item DisplayName="a pair of sunglasses" Value="80" />
    <Item DisplayName="a necklace" Value="600" />
    <Item DisplayName="a handbag" Value="250" />
    <Item DisplayName="a backpack" Value="180" />
    <Item DisplayName="a tablet" Value="520" />
    <Item DisplayName="a set of car keys" Value="100" />
    <Item DisplayName="a pair of sneakers" Value="160" />
    <Item DisplayName="a laptop" Value="850" />
    <Item DisplayName="a credit card" Value="200" />
    <Item DisplayName="a passport" Value="90" />
    <Item DisplayName="a designer jacket" Value="400" />
    <Item DisplayName="a camera" Value="700" />
    <Item DisplayName="a bottle of perfume" Value="75" />
    <Item DisplayName="a bag of groceries" Value="60" />
    <Item DisplayName="a gold ring" Value="300" />
    <Item DisplayName="a Bluetooth speaker" Value="130" />
    <Item DisplayName="a set of headphones" Value="220" />
    <Item DisplayName="a briefcase" Value="500" />
    <Item DisplayName="a phone charger" Value="25" />
    <Item DisplayName="a pair of earrings" Value="140" />
    <Item DisplayName="a designer wallet" Value="280" />
    <Item DisplayName="an USB stick" Value="45" />
    <Item DisplayName="a metro card" Value="20" />
    <Item DisplayName="a notepad" Value="15" />
    <Item DisplayName="a hard drive" Value="150" />
    <Item DisplayName="a travel guide" Value="35" />
    <Item DisplayName="a pet collar" Value="30" />
    <Item DisplayName="a pair of gloves" Value="40" />
    <Item DisplayName="a flash drive with data" Value="90" />
    <Item DisplayName="a luxury pen" Value="55" />
    <Item DisplayName="a pill bottle" Value="35" />
    <Item DisplayName="a collectible figure" Value="250" />
    <Item DisplayName="a prepaid phone card" Value="50" />
    <Item DisplayName="a set of makeup" Value="95" />
    <Item DisplayName="a designer belt" Value="80" />
    <Item DisplayName="an umbrella" Value="30" />
    <Item DisplayName="a candy bar" Value="1" />
    <Item DisplayName="a book" Value="15" />
    <Item DisplayName="a wedding ring" Value="300" />
    <Item DisplayName="a gold bar" Value="3000" />
    <Item DisplayName="a noteblock" Value="5" />
    <Item DisplayName="a bottle of wine" Value="70" />
    <Item DisplayName="an empty beer bottle" Value="3" />
    <Item DisplayName="an expensive whisky" Value="350" />
    <Item DisplayName="a diamond ring" Value="10500" />
  </ItemList>
</Items>